firstName,lastName,phoneNumber,emailAddress,role,accountStatus
David,TestDemo4,8733434460,David.TestDemo4@pw.com,General User,Active
William,TestDemo5,8733434461,William.TestDemo5@pw.com,Human Resources,Active
Richard,TestDemo6,8733434462,Richard.TestDemo6@pw.com,Finance,Active
Joseph,TestDemo7,8733434463,Joseph.TestDemo7@pw.com,General User,Active
Thomas,TestDemo8,8733434464,Thomas.TestDemo8@pw.com,Human Resources,Active
Christop,TestDemo9,8733434465,Christop.TestDemo9@pw.com,Finance,Active
Charles,TestDemo10,8733434466,Charles.TestDemo10@pw.com,General User,Active
Daniel,TestDemo11,8733434467,Daniel.TestDemo11@pw.com,Human Resources,Active
Matthew,TestDemo12,8733434468,Matthew.TestDemo12@pw.com,Finance,Active
Anthony,TestDemo13,8733434469,Anthony.TestDemo13@pw.com,General User,Active
Mark,TestDemo14,8733434470,Mark.TestDemo14@pw.com,Human Resources,Active
Donald,TestDemo15,8733434471,Donald.TestDemo15@pw.com,Finance,Active
Steven,TestDemo16,8733434472,Steven.TestDemo16@pw.com,General User,Active
Andrew,TestDemo17,8733434473,Andrew.TestDemo17@pw.com,Human Resources,Active
Paul,TestDemo18,8733434474,Paul.TestDemo18@pw.com,Finance,Active
Joshua,TestDemo19,8733434475,Joshua.TestDemo19@pw.com,General User,Active
Kenneth,TestDemo20,8733434476,Kenneth.TestDemo20@pw.com,Human Resources,Active
Kevin,TestDemo21,8733434477,Kevin.TestDemo21@pw.com,Finance,Active
Brian,TestDemo22,8733434478,Brian.TestDemo22@pw.com,General User,Active
George,TestDemo23,8733434479,George.TestDemo23@pw.com,Human Resources,Active
Timothy,TestDemo24,8733434480,Timothy.TestDemo24@pw.com,Finance,Active
Ronald,TestDemo25,8733434481,Ronald.TestDemo25@pw.com,General User,Active
Jason,TestDemo26,8733434482,Jason.TestDemo26@pw.com,Human Resources,Active
Edward,TestDemo27,8733434483,Edward.TestDemo27@pw.com,Finance,Active
Jeffrey,TestDemo28,8733434484,Jeffrey.TestDemo28@pw.com,General User,Active
Ryan,TestDemo29,8733434485,Ryan.TestDemo29@pw.com,Human Resources,Active
Jacob,TestDemo30,8733434486,Jacob.TestDemo30@pw.com,Finance,Active
Gary,TestDemo31,8733434487,Gary.TestDemo31@pw.com,General User,Active
Nicholas,TestDemo32,8733434488,Nicholas.TestDemo32@pw.com,Human Resources,Active
Eric,TestDemo33,8733434489,Eric.TestDemo33@pw.com,Finance,Active
Jonathan,TestDemo34,8733434490,Jonathan.TestDemo34@pw.com,General User,Active
Stephen,TestDemo35,8733434491,Stephen.TestDemo35@pw.com,Human Resources,Active
Larry,TestDemo36,8733434492,Larry.TestDemo36@pw.com,Finance,Active
Justin,TestDemo37,8733434493,Justin.TestDemo37@pw.com,General User,Active
Scott,TestDemo38,8733434494,Scott.TestDemo38@pw.com,Human Resources,Active
Brandon,TestDemo39,8733434495,Brandon.TestDemo39@pw.com,Finance,Active
Benjamin,TestDemo40,8733434496,Benjamin.TestDemo40@pw.com,General User,Active
Samuel,TestDemo41,8733434497,Samuel.TestDemo41@pw.com,Human Resources,Active
Gregory,TestDemo42,8733434498,Gregory.TestDemo42@pw.com,Finance,Active
Alexande,TestDemo43,8733434499,Alexande.TestDemo43@pw.com,General User,Active
Patrick,TestDemo44,8733434500,Patrick.TestDemo44@pw.com,Human Resources,Active
Frank,TestDemo45,8733434501,Frank.TestDemo45@pw.com,Finance,Active
Raymond,TestDemo46,8733434502,Raymond.TestDemo46@pw.com,General User,Active
Jack,TestDemo47,8733434503,Jack.TestDemo47@pw.com,Human Resources,Active
Dennis,TestDemo48,8733434504,Dennis.TestDemo48@pw.com,Finance,Active
Jerry,TestDemo49,8733434505,Jerry.TestDemo49@pw.com,General User,Active
Tyler,TestDemo50,8733434506,Tyler.TestDemo50@pw.com,Human Resources,Active
